time,fp,fpn,fpd,pcp,pcpn,pcpd,tp,tpn,tpd
0,383.689046450757,386.703137071039,385.211350256702,18.8575330642972,17.1217714520458,19.4853544393989,9.99999999991845,10.1612762465035,10.2138456368243
0.01,382.448987991003,383.521044966992,386.709377817985,17.7588602988061,16.2553492621208,17.1025448780521,9.99999862955321,10.5038100091668,10.5008582172073
0.02,381.655446171047,380.574534009024,383.284848469799,16.7339773701642,16.2461904461557,14.9267040325185,9.9999959420264,10.2230291691467,9.96559323605073
0.03,381.218890945264,382.138478742891,384.297597336313,15.7781744341187,15.6599751702328,16.408131483295,9.99999199000472,10.5269571780771,9.46273695319596
0.04,381.062458410165,382.068061619921,384.014571833112,14.8870216394207,14.9473342685652,12.898732088393,9.99998682541974,10.1232840824184,10.1156315656668
0.05,381.120278862497,377.852597378625,384.97044312358,14.0563548673136,13.2637808024007,14.8665271336926,9.99998049924979,9.95996140494994,10.1317913273093
0.06,381.336078789912,382.648202706752,383.642476803958,13.282261819574,11.6459683533132,13.3952178101357,9.99997306135155,9.83326217793892,9.87329603843887
0.07,381.661998915607,380.863420621275,385.786886234101,12.5610685315109,11.9198314993041,13.8216542292173,9.99996456033144,9.73947078809986,9.74608354986265
0.08,382.057585117355,383.30364648536,383.087005208157,11.8893263602614,10.5386672064397,14.5393530409872,9.99995504344942,9.96250822286042,9.93053367949617
0.09,382.488919305523,379.276709484129,384.561686557086,11.2637994798397,10.3073446796846,11.8302486267005,9.99994455654931,9.89789939440828,9.96466085823504
0.1,382.927864691234,382.385398699061,384.481425016847,10.6814529005671,9.27020302077495,10.4428631645855,9.99993314401064,9.61536578556041,10.1697800522945
0.11,383.351405257806,379.140376202312,385.997210200893,10.1394410203093,11.1882787245183,12.2758635798564,9.99992084871841,10.2433779800946,9.82205470434439
0.12,383.741063280896,385.014839138101,390.268111148423,9.63509670738493,8.86521413098178,9.86745300757196,9.99990771204735,10.0105539791436,10.1591141836607
0.13,384.082381831544,382.430377844733,383.761920706029,9.16592090941161,9.02359591645614,11.7668121399631,9.99989377385823,9.89350960922096,9.9878737690016
0.14,384.364461615432,381.673333559682,390.739331915291,8.72957277822856,8.46058333009141,10.5139436368414,9.99987907250402,9.95729685652678,10.1218504905747
0.15,384.579543438656,384.025823544167,385.126839050112,8.32386029801783,8.59359189943342,8.31478995134542,9.99986364484402,10.3761483766173,10.0334256811673
0.16,384.72262917488,383.990906890835,386.911590374944,7.94673140158854,8.43500927444346,7.48525489671065,9.99984752626467,10.1919575894578,10.2155711880951
0.17,384.791135431082,386.578591506112,386.575721289386,7.59626555828235,7.0013672025062,8.06702671087487,9.99983075070548,10.0207289100473,10.077493281413
0.18,384.78457523144,384.715655671509,387.650946558777,7.27066581596294,6.53142958387886,9.18239935836893,9.99981335068937,9.85505866745413,10.5874693602543
0.19,384.704264003539,383.196121745375,388.969098905423,6.96825127895023,5.79485249733959,6.33367780563586,9.99979535735618,9.47595708258131,9.66646131418192
0.2,384.553046985858,384.684561108231,388.259473382884,6.68745000346413,8.20985847092209,7.79020229282086,9.99977680049893,10.3249750944939,10.3287956489488
0.21,384.335045897741,386.587444070617,391.623364459852,6.4267922920857,6.28774706524276,5.32846960312849,9.99975770860193,9.57629326492846,9.73907342616336
0.22,384.055423332685,388.368954257287,389.284665461173,6.18490436886967,7.43409930918775,7.20156219266614,9.99973810888032,9.41677574568115,9.93730007662755
0.23,383.720163857776,380.233078735549,387.90616684419,5.96050241701096,5.74285697263828,6.15409255436277,9.99971802732065,10.4307997436115,10.2534696058371
0.24,383.335871228617,383.224724465786,386.878699135679,5.75238696134466,5.12696622437709,5.67628494490611,9.999697488722,10.0764498655355,10.4791674781535
0.25,382.909581460965,383.816139455301,388.75149258358,5.55943757841631,4.24116176542064,6.6418774959402,9.99967651673732,10.0421970723891,10.2418615150598
0.26,382.448591738949,380.329745612763,386.3426674577,5.38060791737766,4.82709117629185,8.48532131050754,9.99965513391488,10.0077053181139,10.7947248948995
0.27,381.960305287691,381.921248616607,388.224097373908,5.21492101552316,5.41384002309203,8.25089678254487,9.99963336173937,10.2831536846523,10.0566889851198
0.28,381.452092400428,379.641104256147,388.536172292018,5.06146489287196,7.35501004918706,5.78863859850225,9.99961122067266,10.2557343319972,9.92927227926757
0.29,380.931167794292,381.398104875341,383.91436999158,4.91938841080759,7.07259732633673,6.60113677772574,9.99958873019396,10.3257441121709,10.358261281214
0.3,380.404484385014,382.613789876073,384.936315882084,4.7878973804036,5.15669501013022,5.17936184215998,9.99956590883929,9.58746986824358,10.4541241779268
0.31,379.878643431629,382.213003038782,389.179056849278,4.6662509066819,4.09447313994648,8.09441565786947,9.9995427742401,10.2466366800406,10.7159601574855
0.32,379.359820822208,379.008302883272,384.581761811544,4.55375795566533,4.57284219002569,5.25387884240173,9.99951934316104,10.0657661391756,10.5307417464499
0.33,378.853709066269,379.537403962243,383.794920117064,4.44977413169262,5.41471182840402,8.24622753210089,9.9994956315368,9.31500043919823,10.1059247228178
0.34,378.36547434441,377.989110312177,386.112985147167,4.35369865305897,2.20312757855442,5.79580811668275,9.99947165450785,10.2164715987983,10.5006613795317
0.35,377.899727755665,378.05738681368,387.334667143515,4.26497151462692,5.04306497803342,7.62932832750126,9.99944742645521,10.0747909878626,9.97861211007911
0.36,377.460509711176,377.760989023176,386.786455386578,4.18307082661656,4.02913145717605,4.31292900024531,9.99942296103415,10.3275910075637,9.60280399004173
0.37,377.051286259805,379.601409433376,384.773341679152,4.10751031933173,4.04554568980882,5.29162469228764,9.99939827120674,9.56031713820841,10.0247184440472
0.38,376.674956005135,374.227812144895,384.928858163456,4.03783700410701,5.93262411843869,5.90683362093109,9.99937336927333,10.1087728191955,9.86516986778108
0.39,376.333866188776,377.064786479165,385.563697589458,3.97362898126944,4.19105929642193,7.5654270604562,9.99934826690297,9.95746001670067,10.1331061068569
0.4,376.029836473909,376.903978294313,384.348118559026,3.91449338639789,5.16485022545239,5.90893383182698,9.99932297516267,9.58000254509622,9.97478418676233
0.41,375.764188964572,375.86772152635,382.168030377076,3.86006446663221,3.91170675474409,6.20983658001558,9.99929750454561,10.1009200708304,10.4228680410905
0.42,375.537783037062,374.191116381687,381.518172503448,3.81000177923316,4.57700396129161,6.44110580373787,9.99927186499825,9.76923085077594,10.2466892908261
0.43,375.351053634932,373.343226330977,385.127799808794,3.7639885050232,3.23574003389471,5.87401763648099,9.9992460659464,9.82883126116035,10.1293228952154
0.44,375.204051782114,375.287753213536,386.207855073227,3.7217298697481,3.42875800575948,4.74321013452879,9.99922011632023,10.2066542090238,10.6605637630451
0.45,375.096486192638,374.218113555951,387.313822359991,3.68295166678906,1.86051500660341,5.3730347535565,9.99919402457832,9.36839122858003,9.72254716484394
0.46,375.027764993383,374.835706098495,385.268062680804,3.64739887502736,4.08709671161054,6.70716313129848,9.99916779873062,10.3236474564783,10.3195801528602
0.47,374.997036721318,376.735117806786,383.143125330631,3.61483436601612,4.35824785805054,6.10605850793224,9.9991414463605,10.2563854583445,10.0005729888304
0.48,375.003229902938,374.052323110924,387.207200646735,3.58503769495019,4.17403631377266,6.15807099710979,9.9991149746459,10.0019941940872,9.84502966083405
0.49,375.04509066572,375.782069028856,384.81784091206,3.5578039702433,4.41099078406042,6.59291333835264,9.99908839037945,10.4035370380678,10.1149460011486
0.5,375.121217965424,374.71198447973,381.043960362992,3.53294279682406,3.84349718895745,5.85149658133423,9.99906169998782,10.3728531120126,10.3571222428569
0.51,375.230096135754,374.419777117043,387.018812300977,3.51027728854868,3.03758433649942,5.53584624988641,9.99903490955016,10.4842770965194,10.2345830803177
0.52,375.370124576336,375.955541823018,388.156314839224,3.48964314539947,3.79136301242073,5.08218118566759,9.99900802481567,9.63973404879082,9.77490715368801
0.53,375.539644489851,375.753036195505,383.995397059322,3.47088779139492,4.27267188369728,7.01848481464443,9.99898105122046,9.49366597902858,10.3828140001555
0.54,375.736962659339,375.063063194232,385.360366906151,3.45386956937967,3.5915351667969,6.28512417705183,9.99895399390356,10.5683477048199,9.98105060587615
0.55,375.960372322264,376.502044594779,388.168164458591,3.43845698909245,3.01588735887016,5.6441916948568,9.99892685772224,10.4120750809952,10.5335381589528
0.56,376.208171249827,377.558445081568,387.910492157766,3.42452802512646,3.29949515388161,6.50326367291641,9.99889964726657,10.1939147945287,10.3874007845277
0.57,376.478677179295,376.352100890121,386.766598745657,3.41196946160156,4.35159380012273,6.43076741959347,9.9988723668733,9.89100924056713,10.0871719430049
0.58,376.770240775159,380.516121492418,388.922049848773,3.40067628056079,3.46853147071177,7.71025529308929,9.99884502063914,10.2208832917673,10.4044746372234
0.59,377.081256313231,376.199267542592,387.628387862537,3.39055109128578,3.28376854669612,6.69892687701774,9.9988176124333,9.55824747487127,10.4504377905297
0.6,377.41017029176,371.928526731411,391.954535468172,3.38150359789769,2.13037112466807,6.05824203663345,9.9987901459095,10.0797945874966,9.942884329699
0.61,377.755488176881,378.149955608522,391.830859296935,3.37345010277204,2.31672904391439,5.5271570189907,9.99876262451737,10.3173789308699,10.1156728273923
0.62,378.115779487369,380.947922171066,389.545361292929,3.36631304344851,3.28240113354191,6.34464524334288,9.99873505151329,10.5985607421476,10.1473905600414
0.63,378.489681417166,377.586508541337,387.116918271067,3.36002056086051,2.17558641663364,6.167092347423,9.99870742997073,9.99155871830379,10.1429538906029
0.64,378.875901184471,377.831819221711,390.35362404918,3.35450609684453,1.79062396487996,7.15335234921065,9.99867976278996,10.3357221557232,10.2283520236048
0.65,379.273217284264,379.868534663653,386.620189990094,3.3497080190168,1.8272868463452,5.45287215956737,9.99865205270746,10.0286313463137,9.95946617763719
0.66,379.680479807836,375.504540759622,391.164261234898,3.34556927122434,2.00751739242619,7.71806456431312,9.99862430230469,10.1870353401618,9.6895000511532
0.67,380.096609978803,384.11642271016,392.214568666287,3.34203704789057,4.3430497915185,5.20558860325177,9.99859651401649,9.84904116406583,10.1533655448348
0.68,380.520599040741,381.290966029314,393.888960822543,3.3390624906812,3.37480632007302,7.69762882549638,9.99856869013909,10.1538381699026,10.0104867125286
0.69,380.95150661738,380.685667754109,393.118674831711,3.33660040601606,4.9678829887337,6.44653642686216,9.99854083283759,10.5102571309676,10.9676371023932
0.7,381.388458652612,381.43089512591,396.941168887392,3.33460900204593,4.12756148358085,7.23201182554105,9.99851294415322,10.159690452383,9.89998176471167
0.71,381.830645024487,381.220870489888,400.378996906083,3.33304964380153,2.08890635436367,5.87206755714668,9.99848502601004,9.76024071686033,10.1516069240839
0.72,382.277316915213,379.370908335349,396.489831587421,3.33188662530432,3.54346989733213,7.04992866216956,9.99845708022148,9.86108582747285,10.2529521231907
0.73,382.727784007877,383.728706044172,395.637515098454,3.33108695750635,3.23999567724163,6.64536811921232,9.9984291084964,10.1773413301807,10.3735992920032
0.74,383.181411570314,381.335850308333,396.49356922573,3.33062017099923,4.34458492474954,6.98877201270682,9.99840111244488,10.0591204286082,10.285742431294
0.75,383.637617477252,384.76782641988,394.283727801317,3.33045813250059,3.16106944333768,8.18484783056454,9.99837309358373,9.99046716605022,10.1497539532839
0.76,384.095869213504,385.176531012809,399.501431479091,3.33057487419061,2.21881884444718,8.19800682285498,9.99834505334167,10.4259718682495,10.5716951464512
0.77,384.555680893542,383.057898778475,399.623608444975,3.33094643503109,4.12145294857277,6.91445459133418,9.99831699306424,10.1869827035026,9.99591783499307
0.78,385.016610326308,388.155047918807,396.476987631019,3.33155071325629,1.53774370830976,5.32885758304164,9.99828891401851,9.31773313361979,10.3159128090298
0.79,385.478256148327,384.361324682314,398.841343902706,3.33236732927736,4.12712926866301,6.55184031700368,9.99826081739743,9.77431351703738,10.6601263731276
0.8,385.940255043288,384.18247533622,405.718312484717,3.33337749829187,2.48995807979826,5.83527668568436,9.99823270432404,10.2990990674324,10.5192727718639
0.81,386.402279061933,385.216253005417,401.457838407184,3.33456391193647,4.02378212638093,8.13680075588028,9.99820457585541,10.0910358264723,10.1767181874351
0.820000000000001,386.864033052463,386.0943415933,401.880069544724,3.33591062836405,4.31844975052022,8.41526607465143,9.99817643298637,9.71668697803237,10.6567100926294
0.830000000000001,387.325252208564,387.447731467195,397.905681415562,3.33740297016786,2.74522874875043,7.44705550681648,9.99814827665306,10.3699982879897,9.61478463773901
0.840000000000001,387.785699739529,388.862505297183,403.300788270444,3.33902742961287,3.60237712229221,6.92700246124122,9.99812010773626,9.96449465691984,10.3257636730343
0.850000000000001,388.245164664801,387.239152703671,403.575415907564,3.34077158067074,3.51249698698563,7.89367672051283,9.99809192706454,10.0635205811873,10.2546643793175
0.860000000000001,388.703459733453,390.517421467366,403.989212875471,3.34262399738813,3.78770309403992,7.13778132987708,9.99806373541727,10.1997742335013,10.3045075748177
0.870000000000001,389.160419467654,389.690903844095,405.774382572768,3.34457417814933,4.40625903556679,7.64505445531686,9.99803553352742,9.97354988617194,9.89220101104429
0.880000000000001,389.615898328014,388.69485198603,403.075858477222,3.34661247542371,3.1051054962031,5.69809221470564,9.99800732208424,9.91942414129822,10.8840821800927
0.890000000000001,390.069768997747,392.026000160651,406.915406207824,3.3487300306158,4.09588376548895,6.84247988148855,9.99797910173576,10.1442846080131,10.1878962588088
0.900000000000001,390.521920781902,389.5105492824,406.202269694811,3.35091871366153,4.36140879848107,7.33759422561494,9.99795087309119,10.2620614793534,10.4905672290255
0.910000000000001,390.972258117349,390.51954579846,406.974350555616,3.35317106703812,3.34456725790551,6.86660734442675,9.99792263672318,9.78260951889887,10.6413987707375
0.920000000000001,391.420699188827,391.772775848493,407.56717164528,3.35548025387769,1.83101355600709,6.99401049243844,9.9978943931699,9.98812173416557,10.1101009488531
0.930000000000001,391.867174646122,391.960102746798,409.838719542319,3.35784000989554,4.21251405433129,7.31181278143581,9.99786614293705,10.4458657581579,10.5937947524611
0.940000000000001,392.311626417245,391.839230855844,406.447288779585,3.36024459886362,3.99201447446184,5.89558503908635,9.99783788649982,10.0848061022376,10.2988426209142
0.950000000000001,392.754006612464,394.839279512825,410.52141444617,3.36268877137829,1.98170229757805,7.90262007270986,9.99780962430455,10.1745040321907,9.88391016461072
0.960000000000001,393.194276513992,393.995539360776,413.541417420737,3.36516772668825,3.62461339371245,8.15056817384639,9.99778135677054,10.0216218795867,10.1015855754966
0.970000000000001,393.63240564624,391.972398110962,409.455895306529,3.36767707736485,4.15783659543971,5.32988306077774,9.99775308429156,9.88202855836593,10.326649273844
0.980000000000001,394.068370921611,396.826258811079,412.386388236873,3.37021281661186,2.26407409303515,7.60757672899221,9.99772480723736,9.54738976619154,10.5316930042346
0.990000000000001,394.502155856978,397.900601294555,410.493598278782,3.37277128802543,1.79712137830174,8.28771175752189,9.99769652595512,9.80045055873372,10.375101435186
1,394.933749856129,395.934465749631,411.178187972247,3.37534915762863,3.47309009482147,7.30551168643051,9.99766824077073,10.1313148669708,10.4547715520813
1.01,395.363147553674,393.006375807497,413.507097414542,3.37794338801639,2.79661241673824,5.9241078016764,9.99763995199009,10.5098069309743,10.3869610404656
1.02,395.790348216076,392.281618793166,412.620436947988,3.38055121445877,2.46469852704507,8.73516872778481,9.99761165990028,9.88938586033761,10.2655934705593
1.03,396.215355195714,394.894749577453,411.616790631076,3.38317012282029,1.87172480886218,7.89362469312853,9.99758336477066,9.79417878603268,10.0749601049292
1.04,396.638175434053,400.356916626282,411.707602540173,3.3857978291638,3.68293462602424,9.09148440918451,9.99755506685394,10.0080556598314,10.4696735897461
1.05,397.058819010251,393.295011940848,414.0965663629,3.38843226091572,3.99246692819377,8.45110514652113,9.99752676638719,10.1279909331623,10.7312964665058
1.06,397.477298731725,398.158859447668,414.379042522327,3.39107153947887,2.71791838234165,8.67142625567213,9.99749846359273,9.98057312260769,10.4646649753344
1.07,397.893629763392,395.110718514276,417.777002962962,3.39371396418653,3.02875203474281,6.72171582050295,9.99747015867905,9.95894346723854,10.1174290536717
1.08,398.307829292542,400.717798220115,419.182268350822,3.39635799749915,4.50036174603387,8.83181011302645,9.99744185184161,10.2414962446639,10.9610684711191
1.09,398.719916226469,402.459898391011,415.617071446034,3.39900225135213,7.20237142526554,7.91348962150342,9.99741354326364,10.2639827260356,10.1517239162122
1.1,399.129910920175,403.319946142751,420.700068044202,3.40164547456929,4.54375619991974,8.13776435293619,9.99738523311687,9.89460338202253,10.7247001369048
1.11,399.537834931667,400.668533747094,415.459589972639,3.40428654126315,3.16653348347835,7.29588331668582,9.99735692156223,10.1392514886901,9.889288457809
1.12,399.943710802516,398.067445593272,416.738411817591,3.40692444014828,3.62948915450444,7.65194277339543,9.99732860875048,9.93667601841429,10.5186886086409
1.13,400.347561861531,400.670018453527,421.544530489028,3.40955826469965,3.22320098728769,5.76851998411808,9.99730029482285,10.1912996965671,10.4433048808461
1.14,400.749412049544,402.419596794904,420.001198427878,3.41218720409253,3.04351279269407,10.4921054693654,9.9972719799116,10.1359787574986,10.2039322888013
1.15,401.149285763454,398.716347056471,420.204592640989,3.4148105348652,3.52197044900832,6.10798502365816,9.99724366414057,10.3325896977005,10.4047891620735
1.16,401.54720771783,402.46977685634,419.603833291639,3.41742761324986,4.15170216814583,7.08749464896419,9.99721534762569,10.5598914578312,10.9504591399746
1.17,401.943202822482,403.986278467654,418.575259432654,3.42003786812112,2.16400456705315,6.66621760704751,9.99718703047547,10.3031178817054,10.3349564076895
1.18,402.337296074546,405.220594707663,422.338993917714,3.42264079451511,2.76445487186383,8.04141489508295,9.99715871279144,9.31431574177628,10.4068278790247
1.19,402.729512463735,399.525180310355,419.534943979042,3.42523594767573,2.43372395571854,7.37511860633079,9.99713039466858,10.2313418502734,10.7265139902525
1.2,403.119876889541,405.087075343964,423.473150193815,3.42782293758756,3.56440039571325,8.69141752063295,9.99710207619572,9.53809595661523,10.2531768404484
1.21,403.508414089215,405.2161239568,424.71270792093,3.43040142395814,4.48121685890004,7.26838361228873,9.99707375745593,10.5084637254284,10.3783068158589
1.22,403.895148575529,404.68314872097,418.932577894522,3.43297111161478,2.30382642750713,7.01497635423993,9.99704543852684,9.85875781637335,10.5597990188315
1.23,404.280104583317,404.897593399931,419.687759031439,3.43553174628403,3.98974344881378,7.91248469251071,9.99701711948102,10.2290326606776,10.1750655046002
1.24,404.663306023956,400.961476302781,422.144160815065,3.43808311072373,1.88079756539251,7.18868072815882,9.99698880038627,9.83571444808841,10.7174558988642
1.25,405.044776446961,406.342434057301,423.456308654693,3.44062502118046,3.66069546966841,7.71009881953701,9.99696048130589,9.8380875676743,10.5887585064872
1.26,405.42453900798,404.883336061777,426.018216935249,3.44315732414651,1.57503555591121,8.44878818251854,9.99693216229899,10.0540658991449,10.9866760256205
1.27,405.802616442497,407.534178407559,422.433809937037,3.44567989339314,3.57035469430718,8.35137480753867,9.99690384342075,10.3274406229417,9.9457960988666
1.28,406.179031044661,406.748658161478,427.406806013098,3.44819262725795,2.92062068245593,9.57205783908616,9.99687552472266,9.78846580717089,10.598775047915
1.29,406.55380465065,405.742092712814,427.096740942125,3.45069544616641,2.84055786401877,8.6619138404568,9.99684720625271,10.4092431680753,10.3010098447997
1.3,406.926958626099,407.187608483703,426.439773301413,3.45318829036878,3.21729078493587,9.60589229901409,9.99681888805568,9.62086029987689,10.4845931361331
1.31,407.298513857107,404.345556235943,428.716091697756,3.45567111787511,2.75760064898454,7.37848116936506,9.99679057017328,9.99779948499037,10.7531471774192
1.32,407.668490744411,409.133941942528,427.053292605844,3.45814390257244,2.11186018783562,8.52800774208217,9.99676225264437,10.1721444763812,10.5357789701586
1.33,408.036909200352,408.909400285998,430.376861805995,3.46060663250937,3.39755265721476,7.40605400229716,9.99673393550512,10.006163462794,10.4895990332219
1.34,408.403788648288,408.562989669877,427.668757336678,3.46305930833454,3.67779258744661,8.54607895321945,9.9967056187892,10.4896988455331,10.4668639380444
1.35,408.769148024138,411.029340377972,427.709337357033,3.46550194187616,2.42285335455573,9.15868592487801,9.99667730252793,9.73417873385129,10.5437735194734
1.36,409.133005779781,412.36563409902,427.579824050971,3.46793455485131,2.07762584306516,8.91841384117205,9.99664898675042,9.73812699360832,11.2021309674422
1.37,409.495379888055,410.420022465778,429.880583255853,3.47035717769407,2.44881546351785,7.93649919187368,9.99662067148371,10.4217299849523,10.4109968697819
1.38,409.856287849134,407.670712721593,432.033928963349,3.47276984849266,1.8059066413546,6.88247900708028,9.9965923567529,10.0931018943018,11.1255718014638
1.39,410.215746698064,410.159067369101,431.029052945136,3.4751726120265,3.87114203684157,8.49434581559471,9.9965640425813,10.2074116636608,10.2727349507017
1.4,410.573773013282,408.94677223115,428.738669528986,3.4775655188948,3.52536786221406,8.74743008412554,9.9965357289905,9.3570932582977,11.0463004478284
1.41,410.930382925966,410.972292644329,429.028337532248,3.47994862472884,4.17766860937937,8.51010701820925,9.9965074160005,9.53055800757502,10.1314575646485
1.42,411.285592130035,412.092006710972,429.145527351018,3.48232198948098,3.83303779659193,8.83842869425613,9.99647910362981,10.1638204483998,10.7143088526719
1.43,411.639415892707,414.313359080874,429.769237318151,3.48468567678362,2.64422752661606,7.30803591925122,9.99645079189557,9.73319961258549,10.8603349897504
1.44,411.991869065467,409.935608542074,431.575943153357,3.48703975337228,4.07197837993451,8.55045025690818,9.99642248081357,9.52973156914649,10.0848397269468
1.45,412.342966095356,413.569455989373,431.942351876527,3.48938428856705,2.6033300053741,9.01884279935664,9.99639417039842,9.77162133462538,10.3289531237836
1.46,412.692721036484,411.628344725908,434.559725567726,3.49171935380743,5.66509984885964,7.94781523316045,9.99636586066357,10.4705683981754,10.4148937650583
1.47,413.041147561695,414.078006829152,431.981521725063,3.49404502223574,2.17601927380485,8.53640971364943,9.99633755162139,10.4641589740678,10.6267322485163
1.48,413.388258974293,413.009399009585,430.381739837611,3.49636136832494,3.88411380522203,7.52908212348102,9.99630924328326,9.87992819244262,10.2538152902068
1.49,413.734068219788,412.518048349664,436.600091099089,3.49866846754668,2.39178107961737,10.6594951577555,9.99628093565961,10.1708529134726,10.7415357491565
1.5,414.078587897594,415.996141454818,434.264938832468,3.50096639607608,0.407129431859911,8.1297653579742,9.99625262876003,9.80438060307104,10.3959827178885
1.51,414.421830272637,416.041117549629,432.956005331856,3.50325523052991,3.78306477407292,7.47760063954045,9.99622432259324,9.70113307672639,10.2407352804605
1.52,414.763807286829,413.430398800578,434.879053009099,3.50553504773491,1.84443537544775,9.21399279639248,9.99619601716722,10.0442941014907,10.7187152834672
1.53,415.104530570382,411.04717590562,437.858575748103,3.50780592452373,3.43302010209466,6.71536578565072,9.99616771248924,9.91052376173928,10.5125081409638
1.54,415.444011452915,418.406741702115,436.561539347684,3.51006793755562,3.79479016992941,9.81759680134071,9.9961394085659,9.79348687638,10.9259655931381
1.55,415.782260974349,416.15942640671,439.106485448644,3.51232116315969,3.1803770863957,10.113816357081,9.99611110540314,9.99268172006768,10.8725970297402
1.56,416.119289895556,416.198460509165,435.021318084761,3.51456567719855,2.27317198451446,8.89940680562953,9.99608280300637,9.56353111560859,10.4917567959065
1.57,416.455108708754,414.727578856378,436.677870609362,3.5168015549503,2.96054253504531,8.58472838871883,9.99605450138041,10.2799868625928,10.4743474130071
1.58,416.78972764762,415.715854620782,437.044727974298,3.51902887100706,3.4917519289532,7.93039512081975,9.99602620052958,10.1127950446746,10.0001807473236
1.59,417.123156697133,420.364670884965,440.790470440469,3.52124769918849,4.68021813802634,8.31094004420528,9.99599790045775,9.90380870848705,11.1871496493043
1.6,417.455405603119,416.34479960699,436.969007163702,3.52345811246864,2.62964026513244,8.45972464719247,9.99596960116831,9.85675039068536,10.4516457829403
1.61,417.786483881504,419.830906563116,440.92305251766,3.5256601829149,3.6087117374609,7.94972136868463,9.99594130266425,10.0601060670262,10.2700639246121
1.62,418.116400827264,421.47803930412,436.224243684299,3.52785398163771,2.9896498861617,8.23621885380572,9.99591300494818,10.1037737830052,10.5835471763167
1.63,418.445165523081,416.452822090314,438.962873532769,3.53003957874986,4.88406571413732,7.72398386322265,9.99588470802233,10.1158608189228,11.2811189630318
1.64,418.772786847691,414.866067300465,438.947110773815,3.53221704333446,2.58868589342685,8.5361083808199,9.9958564118886,9.98027039155827,10.2628015429569
1.65,419.09927348394,421.680478552399,436.414487377746,3.5343864434205,4.02320758216364,8.00095216815922,9.9958281165486,10.2632105940182,10.8526323447755
1.66,419.42463392654,422.655213858091,436.846428510397,3.5365478459652,1.60423939671553,8.04760653684233,9.99579982200361,9.8873614868388,10.6683124058892
1.67,419.748876489529,420.1508597654,436.969239371335,3.53870131684245,3.60215240940434,8.48320978390344,9.99577152825466,9.86330553951858,10.2286075230104
1.68,420.072009313453,419.706900777375,437.744376407368,3.5408469208364,5.08799228496541,8.67377822070476,9.99574323530251,10.6651568929407,10.9603506263776
1.69,420.394040372255,420.306321127314,440.547621192063,3.54298472163986,3.61315663790368,8.60823109915434,9.99571494314771,10.3611344822426,10.623885335019
1.7,420.71497747989,421.184779686482,440.777507406041,3.54511478185668,4.56651715096525,8.06576827583041,9.99568665179055,10.0936257743567,10.7163419237553
1.71,421.034828296674,422.277956686349,441.471012011931,3.54723716300773,2.86480244194457,7.8205251225651,9.99565836123116,10.0349725678809,10.5173911269573
1.72,421.353600335363,420.451769033439,439.447710882987,3.5493519255399,4.77890201624978,8.51820142197332,9.99563007146944,10.2061682193811,10.3818308903235
1.73,421.671300966978,422.610837228052,442.539987085107,3.55145912883787,3.91852079355325,10.0672607618883,9.99560178250514,9.93412994868037,10.0515109232416
1.74,421.987937426384,422.25211504425,440.035655190386,3.55355883123797,3.65811667122056,8.6717547914964,9.99557349433782,10.1667202375216,10.4847109539138
1.75,422.30351681762,421.908598637936,441.139466797279,3.55565109004416,3.25817818855339,9.15497861472401,9.99554520696692,10.0617100648694,10.3440438415631
1.76,422.618046119006,422.718025732499,440.832722757199,3.55773596154546,4.98465293338876,7.64896425705085,9.9955169203917,10.3639692377377,10.1001933250032
1.77,422.931532188012,425.384200832579,443.717029953231,3.55981350103478,3.80025885318644,8.45607078936627,9.99548863461132,10.5380258372665,11.0579867281004
1.78,423.243981765919,422.591031500773,441.032979746593,3.56188376282885,3.55920602655172,8.41066602018596,9.9954603496248,10.0684825108488,10.8874576604382
1.79,423.555401482266,422.584937595608,440.767395447654,3.563946800289,3.61224508483142,9.71000244497753,9.99543206543105,9.77203892205897,10.3397958618366
1.8,423.865797859092,422.133611849908,444.062798185593,3.56600266584258,3.56405007845922,9.05666670345216,9.99540378202888,10.0323555325177,10.6664878315987
1.81,424.175177314985,423.976040718494,444.280443899812,3.5680514110049,2.61465918770657,9.01204152118218,9.995375499417,9.76994468721729,11.0491545736097
1.82,424.483546168952,418.773112267989,445.126706390395,3.57009308640151,3.27940228244558,8.7119429315595,9.99534721759403,10.2891249541349,10.7843053119414
1.83,424.79091064409,423.272685949869,443.235295585468,3.57212774179066,2.88148254633232,8.24322574104547,9.9953189365585,9.77230544352351,10.2126398305761
1.84,425.09727687111,424.268877116166,445.316865632188,3.57415542608586,4.30062715771642,8.24390396598911,9.99529065630888,9.86257943828438,10.2556150763565
1.85,425.402650891671,422.077815957773,444.574824257626,3.57617618737842,2.87938565374249,8.25020146817716,9.99526237684355,10.1307712262556,10.2976990421377
1.86,425.707038661578,425.687570051438,446.60101026193,3.57819007295981,2.82196997743875,9.03108288826394,9.99523409816084,10.0123482355126,10.6321582062692
1.87,426.010446053811,422.918194924123,450.088324691428,3.58019712934396,2.43447042578682,7.59514952615786,9.99520582025901,9.70074343304475,10.476454921743
1.88,426.312878861418,426.032927472193,444.583435954458,3.58219740228914,3.19385987419916,9.08862225831622,9.99517754313627,10.3549260786195,11.0511101044615
1.89,426.614342800274,428.009824472345,447.26715919456,3.58419093681962,3.6734807644516,9.38444376873676,9.99514926679078,10.0266579683895,10.4123282482475
1.9,426.914843511698,426.946693943109,447.540010668171,3.58617777724696,3.05806045523163,8.43778052628548,9.99512099122066,10.1789298735141,10.7848523806756
1.91,427.214386564949,428.550904387214,445.867893943679,3.58815796719081,3.97846706856348,8.19206183501395,9.99509271642397,10.1851546080822,10.5512244005233
1.92,427.512977459603,426.752366253296,446.86476546549,3.59013154959935,4.12640296468077,7.69244070701644,9.99506444239875,10.5202274645209,10.6748230006489
1.93,427.810621627819,426.168537465885,447.563830934251,3.59209856676918,4.61380672873718,9.51387579335637,9.995036169143,9.93261614716279,10.3573739389279
1.94,428.107324436482,427.200476843553,446.480763387233,3.59405906036481,4.3438134052243,8.97038931898599,9.99500789665467,10.3908550328108,10.7767339685254
1.95,428.403091189261,427.704779198599,444.392961534407,3.5960130714375,4.8915290473457,7.92321343880591,9.99497962493171,10.1179674001707,10.3289061435089
1.96,428.697927128555,427.441029641079,444.723215366865,3.59796064044372,2.52423594036658,8.09724906164322,9.99495135397202,10.3105623023383,10.8293351498366
1.97,428.991837437346,432.145955888552,445.217654170869,3.59990180726296,3.24823549106727,9.11703264290591,9.99492308377349,10.5408084507185,10.5123158856764
1.98,429.284827240973,430.436899437156,448.442050778616,3.60183661121506,3.1226658114986,8.92999188835883,9.99489481433399,10.390847549013,10.3122417561514
1.99,429.576901608808,428.015617684436,448.338938009271,3.60376509107697,4.73939151932854,8.21984806151781,9.99486654565137,9.90845638779508,10.5091581955608
2,429.868065555861,428.148128173603,450.667325239843,3.605687285099,4.08639499501843,8.28913021525566,9.99483827772344,10.3612985747879,11.1631550197849
2.01,430.1583240443,429.737378080179,447.970604834386,3.60760323102048,3.61225775235898,7.76507466699867,9.99481001054804,9.58067843846617,10.3802440154849
2.02,430.447681984907,431.444150356795,451.190327988998,3.60951296608492,4.36694919324153,7.51468996155223,9.99478174412295,9.76451144746081,10.2529704694623
2.03,430.736144238459,430.08077198226,446.912387732338,3.61141652705466,2.76348246314153,9.21850886940314,9.99475347844598,10.0395200372934,10.5667241713153
2.04,431.023715617046,431.881728149883,444.338173231266,3.61331395022493,4.89971682338413,7.77047653585163,9.99472521351489,9.6542600799001,10.0438149522282
2.05,431.310400885323,430.591937957358,447.218348276024,3.61520527143751,3.81692424305507,9.34271146627728,9.99469694932747,9.62802394982065,10.3460721951686
2.06,431.596204761712,432.263941028281,448.302346246513,3.61709052609376,3.17640747577581,7.67448406794035,9.99466868588148,9.78222565643952,10.7875071783024
2.07,431.881131919536,429.76660457822,445.661848950346,3.61896974916726,2.80546414152027,8.64300900879498,9.99464042317469,10.429450584257,10.2333144412466
2.08,432.16518698811,431.482784740606,449.004089890623,3.62084297521595,6.76634389452973,7.09105893443922,9.99461216120483,10.4515335848755,10.4329090066622
2.09,432.448374553779,433.657015177651,451.103932246426,3.62271023839377,3.92120402831748,7.84545423211697,9.99458389996968,9.67697614967407,10.6856073358404
2.1,432.730699160904,435.865801279257,449.40860939716,3.6245715724619,2.75718840025825,6.38303009498771,9.99455563946698,9.99183259486312,10.7560731970068
2.11,433.01216531281,432.336948653826,450.459006575391,3.62642701079954,4.40092043677061,8.70161304084941,9.99452737969448,9.65138600488917,10.1858899860806
2.12,433.292777472686,432.936627545845,451.79644735841,3.62827658641423,2.64143276664824,8.17591297849764,9.99449912064992,10.0229989608711,10.6432851828633
2.13,433.572540064448,435.587625351584,451.391327137344,3.63012033195185,4.34847261296643,8.85404141809931,9.99447086233106,9.94830861218581,10.924282769466
2.14,433.85145747356,434.590193270083,451.980096192844,3.63195827970614,3.96095628965807,8.5352507055852,9.99444260473565,9.84129340009125,10.5831135447932
2.15,434.129534047825,434.372151788938,450.269065433282,3.63379046162785,2.39718875785051,5.88063069164662,9.99441434786144,9.98158248995099,10.4710377306248
2.16,434.406774098136,431.068370094912,447.216305304687,3.63561690933359,2.95329896804621,8.23220595472355,9.99438609170618,10.4447298455586,10.5731652170331
2.17,434.683181899195,433.221463813797,449.292299250799,3.63743765411422,4.3096995699626,7.9948533752231,9.99435783626764,9.63253224476551,10.4079336373207
2.18,434.958761690207,437.319884596401,451.497173835929,3.639252726943,2.70928551843487,6.02900481173155,9.99432958154357,9.85510240871855,10.367271348795
2.19,435.233517675536,434.938325078127,455.06118248672,3.64106215848332,4.9498389505156,8.22489932092932,9.99430132753173,10.4604329743481,10.3205086391199
2.2,435.507454025343,438.849988504042,454.540686390588,3.6428659790962,5.08356115188334,7.65470095075849,9.99427307422991,10.6603996561704,10.0139294834436
2.21,435.780574876191,436.651806572601,449.423833816394,3.64466421884741,4.85308719021632,7.47777944191071,9.99424482163586,9.97478866998111,9.74450064010633
2.22,436.052884331629,439.196474896759,452.131819896194,3.64645690751436,3.79059062345249,7.36374728160492,9.99421656974739,10.1855742735543,10.3052844414925
2.23,436.324386462751,444.545507292641,454.096975855609,3.64824407459268,2.0583583015064,6.28589810799759,9.99418831856226,10.2863081065426,10.6677845171898
2.24,436.595085308735,435.066711082502,449.541359610016,3.65002574930254,4.4415397919926,6.11882940112306,9.99416006807827,10.1924925027304,10.3932074902008
2.25,436.864984877357,437.402131501071,453.374760199392,3.6518019605947,4.19748991474975,7.55674136717672,9.99413181829322,10.0311641498374,10.1515905010417
2.26,437.134089145493,439.559626509504,452.024503874718,3.65357273715636,2.99511614850062,8.85960398378352,9.99410356920493,9.92333173864915,10.0636683660543
2.27,437.402402059593,434.62894811443,451.689871151066,3.65533810741673,4.57097908390535,7.00072639307627,9.99407532081119,10.1368434072068,10.4198818037146
2.28,437.669927536146,441.849306282959,450.397863532414,3.65709809955236,3.57319855108678,7.74673590664808,9.99404707310983,10.2816471075887,10.6038439210082
2.29,437.936669462119,435.837960298055,451.575641180629,3.65885274149236,2.67768299875133,5.52756551387382,9.99401882609867,10.2867481733527,10.3607984643868
2.29999999999999,438.202631695392,437.28976681214,452.31148675013,3.66060206092329,1.66451408621685,7.46951934072206,9.99399057977556,10.1769569536331,10.5381697421012
2.30999999999999,438.467818065167,438.219781473873,450.381673914848,3.66234608529393,4.03669171653213,8.4632197825976,9.99396233413833,9.65216576049509,10.4176150748234
2.31999999999999,438.732232372368,440.11909342963,454.030772502889,3.66408484181985,4.37902428830146,7.11853769064118,9.99393408918484,9.93750075990279,10.9247129820941
2.32999999999999,438.995878390031,436.490414821625,450.523306033894,3.66581835748777,1.97877263717374,6.612102429202,9.99390584491295,9.68797815620985,9.90931755665236
2.33999999999999,439.25875986367,438.523721362504,450.622535436682,3.66754665905983,2.57708443740906,9.01560497094713,9.99387760132051,9.98619395038338,10.6267048042397
2.34999999999999,439.520880511644,439.22041158171,453.748323723753,3.66926977307758,4.47015647165245,7.05126989417159,9.99384935840541,9.73401855501925,10.1382793442208
2.35999999999999,439.782244025507,441.013588553141,450.486413257831,3.67098772586596,3.02032594454915,5.8097079509818,9.99382111616554,10.012336160605,10.6641158276806
2.36999999999999,440.042854070344,438.850664664065,454.157956932263,3.67270054353699,3.17741069211462,7.31248041416319,9.99379287459878,9.78522774765988,10.357325469074
2.37999999999999,440.302714285099,442.969300716841,456.238047522163,3.67440825199342,3.73910778795207,7.23585633515828,9.99376463370303,9.88956108371761,10.173955158537
2.38999999999999,440.5618282829,439.266331696046,452.884389630749,3.67611087693224,3.80119536588135,6.37703611531893,9.99373639347622,9.97425344270131,10.5015303519913
2.39999999999999,440.820199651362,441.629166358085,450.490029943104,3.67780844384797,4.46409247233724,7.48548027634758,9.99370815391624,9.81792999554244,10.571834433567
2.40999999999999,441.077831952894,439.945459350299,455.69292733785,3.67950097803597,4.51199124401409,6.88434804709522,9.99367991502105,9.92662866508599,10.0570787504131
2.41999999999999,441.334728724987,438.390629749145,455.524819400936,3.68118850459552,2.81440313931873,7.09488229296839,9.99365167678856,9.79889017860761,10.2465783684718
2.42999999999999,441.590893480503,445.512847677187,454.582470801155,3.68287104843285,4.1888689667001,7.10074580315271,9.99362343921672,9.86187673821954,10.3709811782268
2.43999999999999,441.846329707948,440.660405219507,454.536411266446,3.68454863426403,4.42377519970091,6.82878574053586,9.9935952023035,10.0666159708267,9.95525692102681
2.44999999999999,442.101040871747,439.147899029805,454.020098602269,3.68622128661783,4.96645560961609,7.12361576772569,9.99356696604686,9.99798721200209,9.61935531324055
2.45999999999999,442.355030412503,441.22124568884,454.223952082699,3.68788902983838,4.10102593435249,5.37042999900532,9.99353873044476,9.62897719076655,10.3987290960121
2.46999999999999,442.608301747259,436.97922545349,456.381229998761,3.68955188808783,2.93972171852426,6.6475416040525,9.99351049549519,10.3194702746297,10.8453045791113
2.47999999999999,442.860858269744,442.97770123943,456.569777314181,3.69120988534889,0.683955066747398,6.21338043474545,9.99348226119614,9.86862896168336,10.305076544655
2.48999999999999,443.112703350621,441.581270052165,458.368139800465,3.69286304542728,3.4584293336963,6.21733235022124,9.99345402754561,9.67703778415219,9.59354678761844
2.49999999999999,443.363840337727,446.904485895248,455.04047666583,3.69451139195412,3.95825906957623,6.53361489160412,9.99342579454162,9.59126426180219,10.5435202949894
2.50999999999999,443.614272556304,441.836102098927,457.375447512581,3.69615494838824,4.83543813551014,6.13151107604117,9.99339756218217,10.1838793471586,10.3744772976636
2.51999999999999,443.864003309231,442.336487554751,455.721417718188,3.6977937380184,1.73251126027486,6.95960858102449,9.9933693304653,10.0785953756951,10.3819940309162
2.52999999999999,444.113035877247,441.864607427561,456.674617137983,3.69942778396551,3.05572170934842,5.97996182329699,9.99334109938904,9.69933853912593,10.1927909893845
2.53999999999999,444.36137351917,445.59411338894,456.374082862388,3.70105710918468,3.16890143664834,6.6474909227294,9.99331286895144,10.1530432625993,9.98974297311206
2.54999999999999,444.609019472115,443.874084304628,454.668446108512,3.70268173646732,3.30742784490557,5.32236006764749,9.99328463915055,9.93976935588694,10.3187250497316
2.55999999999999,444.8559769517,444.869567615558,456.171326957508,3.7043016884431,3.8841934555155,4.77766547011467,9.99325640998444,10.5924295745308,10.8707701539602
2.56999999999999,445.102249152258,445.135917880355,453.561887037364,3.70591698758188,3.67761869152082,6.58691037449875,9.99322818145117,10.2442312458625,9.65105312718205
2.57999999999999,445.347839247038,443.848579970387,456.564226845276,3.70752765619563,4.29473324863428,7.12075451914785,9.99319995354884,10.0912408221469,9.83160536621661
2.58999999999999,445.592750388402,446.311624233226,456.649349631798,3.70913371644023,4.40242827388811,5.2959708419594,9.99317172627552,10.1121359898751,10.7316101317215
2.59999999999999,445.836985708023,446.024528847158,456.327730521164,3.71073519031726,2.83056327626924,7.18741236118773,9.99314349962933,10.0633680126064,10.5633444932784
2.60999999999999,446.080548317079,448.543153170224,459.154120388092,3.71233209967575,4.35579441659597,6.98989348984196,9.99311527360836,9.97180917343634,10.0765003591782
2.61999999999999,446.323441306438,447.260421052892,455.41583011965,3.71392446621387,2.02477694222044,6.13079226946174,9.99308704821073,10.3110696545444,9.94251841557188
2.62999999999999,446.565667746846,443.85643020402,454.196681641426,3.71551231148059,5.0252880089235,6.48976737439822,9.99305882343457,10.263834016934,10.2306323841754
2.63999999999999,446.807230689108,448.751834742338,458.914809790288,3.71709565687729,2.861276484385,6.38259150664886,9.99303059927802,10.1220309168456,10.1461015204582
2.64999999999999,447.048133164272,444.935807933203,458.338451634283,3.71867452365935,3.62559993030976,6.6928568246678,9.99300237573921,9.88788524162031,9.93934761811056
2.65999999999999,447.288378183801,445.301900789317,454.950647033137,3.72024893293765,3.30030719255394,6.08394584466911,9.99297415281631,9.81645897119851,9.6903661815851
2.66999999999999,447.52796873975,449.432372729864,458.483485429554,3.72181890568016,2.71158975488511,7.13453874017419,9.99294593050746,9.8978839074741,10.0268487894728
2.67999999999999,447.766907804935,444.065530988324,456.792266237311,3.72338446271332,5.00676876484325,5.22839180082648,9.99291770881083,10.2405964962209,10.1721615337433
2.68999999999999,448.005198333108,452.866458513723,452.238209173625,3.72494562472355,4.30548783353979,8.64545951067396,9.99288948772462,10.1692297724814,10.4456860640215
2.69999999999999,448.242843259115,449.678705298957,458.088834053258,3.72650241225861,3.36369405343406,5.87998234482822,9.99286126724699,9.94128218436181,10.1421725268753
2.70999999999999,448.479845499067,450.388463591874,459.49879431776,3.72805484572905,3.81720821485194,4.8819931495889,9.99283304737615,9.66792835625483,9.74884501120703
2.71999999999999,448.7162079505,448.942622917575,456.93240562214,3.7296029454095,5.2683288677637,5.30292441212527,9.9928048281103,9.50006112230803,10.4717725165049
2.72999999999999,448.951933492532,451.354104341369,459.916772709181,3.73114673144002,4.11421414793099,7.02565820807871,9.99277660944765,10.1198893593859,10.3161058998891
2.73999999999999,449.187024986025,450.567442171492,455.932843026545,3.73268622382743,5.02249074845092,6.51499336457207,9.99274839138642,10.0551906089275,9.44675128597884
2.74999999999999,449.421485273737,453.681290209822,455.670280725367,3.73422144244656,3.90736069636893,5.95732536420698,9.99272017392484,10.2387321959696,10.0902416090694
2.75999999999999,449.655317180475,451.132995721325,455.265204414399,3.73575240704149,3.11827257544,5.4248936195526,9.99269195706115,10.1264360919969,10.1329562589783
2.76999999999998,449.888523513251,450.605402877188,458.123286255255,3.73727913722683,2.59948651968293,4.25584900481267,9.99266374079358,10.2079650761409,10.5253703062624
2.77999999999998,450.121107061425,448.425048269537,461.560230131863,3.73880165248889,2.93764601711469,6.61117755825782,9.99263552512039,10.0105027252058,10.0638152100117
2.78999999999998,450.353070596858,449.963220430443,454.950900952078,3.7403199721869,4.23221114297025,5.18882009784519,9.99260731003984,9.62308884951304,9.62625133472777
2.79999999999998,450.584416874053,452.180701150579,458.408832698042,3.74183411555416,4.03322027078516,4.04713181963702,9.9925790955502,10.4904922487286,10.3028182098598
2.80999999999998,450.815148630304,451.416147956519,454.333280975472,3.74334410169918,5.13080230836921,6.10157171650306,9.99255088164975,10.6597322672326,9.87510827480074
2.81999999999998,451.045268585834,451.634756001923,457.765384183734,3.74484994960683,2.90020498061279,4.93079655455402,9.99252266833678,9.5247680843872,9.92166773919036
2.82999999999998,451.274779443938,453.954689735357,456.25555950132,3.74635167813947,3.29029488275575,6.15087069963365,9.99249445560956,9.47257294556433,10.0738750941646
2.83999999999998,451.503683891119,452.527967379822,458.392612704045,3.747849306038,3.30762016363046,6.1635079143104,9.99246624346641,10.4670594100636,9.83867131741429
2.84999999999998,451.731984597229,453.415078542865,456.997063507186,3.74934285192297,3.88534437814927,5.55117705443166,9.99243803190564,10.5387719376278,10.4132493142984
2.85999999999998,451.959684215603,457.103085418193,459.521478477064,3.75083233429564,4.47352702334718,6.34986653946681,9.99240982092555,10.0059788178962,10.4844025816454
2.86999999999998,452.186785383192,452.358958420489,461.267333810382,3.75231777153903,4.78845015153263,6.05312816272892,9.99238161052448,9.77931262101868,10.1320061890828
2.87999999999998,452.413290720696,452.40604812699,457.213731610025,3.75379918191893,4.0132957758522,5.06399401663104,9.99235340070076,10.1630304599611,9.95199630230023
2.88999999999998,452.639202832697,449.649431382311,456.642640579556,3.75527658358495,3.80205689264307,7.3454247592733,9.99232519145271,9.85354098175671,9.96885530453192
2.89999999999998,452.864524307788,456.182859993964,458.473604429513,3.75674999457148,6.00763261519092,5.22142705815563,9.9922969827787,9.80754782522469,9.76383509051995
2.90999999999998,453.089257718698,455.567601576238,454.02614063353,3.75821943279873,3.53381532470881,4.35499675926206,9.99226877467708,9.93993727681881,10.867292591995
2.91999999999998,453.313405622423,453.591483093967,456.807655697327,3.75968491607366,3.1672044814927,5.63925894539094,9.9922405671462,10.3304693568039,10.1570693586128
2.92999999999998,453.53697056035,452.429661638919,458.388563310529,3.76114646209098,4.13474453250723,5.39638641242774,9.99221236018444,10.249640392788,10.4103592708136
2.93999999999998,453.759955058382,454.123736446616,456.030423755415,3.76260408843405,4.59229549413205,4.05727695081501,9.99218415379018,10.0746027587507,10.6680751632155
2.94999999999998,453.982361627059,454.198666399975,456.318166275318,3.76405781257588,3.23316376253936,4.66499880498185,9.99215594796179,9.74766095444034,10.0816676156637
2.95999999999998,454.204192761679,451.714330785402,459.619248830483,3.76550765188,3.16541580870203,6.11044758824037,9.99212774269767,10.0932024848027,9.67502230380775
2.96999999999998,454.425450942423,453.63452087257,456.930174903575,3.76695362360142,3.73697961204962,4.81958211113267,9.99209953799622,9.7099109625351,9.95191285266061
2.97999999999998,454.646138634469,452.440521408563,458.501037630803,3.76839574488747,2.85905805838971,4.65516541277548,9.99207133385585,10.4407766390544,9.71063625756273
2.98999999999998,454.866258288113,455.470383845783,455.978740267436,3.76983403277878,3.72148214012162,4.23662518880801,9.99204313027496,10.0535284764562,10.3613092901016
2.99999999999998,455.085812338882,457.320712216997,459.034624618578,3.77126850421006,4.92389538740325,3.7709884390811,9.99201492725199,10.0075541783416,10.2592292592621
3.00999999999998,455.304803207654,455.312232120664,457.997739119243,3.77269917601105,4.45583418835111,3.05071766182249,9.99198672478535,10.1277550135018,9.99858611264142
3.01999999999998,455.523233300769,456.753803691425,458.533567227978,3.77412606490734,2.74017625963415,3.27117575343765,9.99195852287348,10.5785306979202,10.0875567264605
3.02999999999998,455.741105010144,453.404681005112,458.522253717915,3.77554918752122,3.3884409568865,4.93014527560038,9.99193032151482,9.45394616487005,10.1343885999489
3.03999999999998,455.958420713384,455.496975228596,457.045746808511,3.77696856037255,3.48555526870281,4.42513472665269,9.99190212070782,10.3951434571908,10.0866013453678
3.04999999999998,456.175182773892,456.587082539592,457.083340820247,3.77838419987954,3.50864862425346,3.70024058508293,9.99187392045094,9.66810991271831,10.742220379542
3.05999999999998,456.39139354098,456.324519976505,457.53359232161,3.77979612235961,4.47721356164804,3.88579759016218,9.99184572074264,10.3389947575645,10.4624031854371
3.06999999999998,456.60705534998,454.502003707256,458.247543022732,3.78120434403019,3.39771165590581,4.30601212639924,9.99181752158139,10.2502681891126,9.32094458529398
3.07999999999998,456.822170522345,457.349132945169,456.948498439268,3.78260888100951,4.27032526058274,3.36953145382403,9.99178932296566,9.65156110770981,10.1666036723933
3.08999999999998,457.036741365763,457.571297323258,458.378593580346,3.78400974931742,3.53477961578341,2.19240294957032,9.99176112489394,9.88650279874702,10.1329566630132
3.09999999999998,457.250770174258,462.587170550037,462.483069030776,3.78540696487613,3.3483221164037,5.55669571385327,9.99173292736472,10.0690067241308,9.75750371034047
3.10999999999998,457.464259228296,458.648055543148,454.302605924262,3.78680054351106,5.98458025460793,4.00334264147509,9.99170473037649,9.98140173504713,10.2981575965611
3.11999999999998,457.677210794888,453.836297374044,457.899438259569,3.78819050095151,3.14656432093464,4.36365542233126,9.99167653392776,10.1570516870157,9.9097611008936
3.12999999999998,457.889627127694,460.18513079662,459.144946391724,3.78957685283151,4.25929413181056,2.24029641592642,9.99164833801703,10.071687161712,10.5881140332551
3.13999999999998,458.101510467123,458.797796054942,459.463519943872,3.79095961469052,4.29857612868391,3.90174769044609,9.99162014264283,10.1514345584776,10.2368774218709
3.14999999999998,458.312863040432,463.905725653115,459.726171410957,3.79233880197418,4.39446033185505,4.09482463796367,9.99159194780368,9.99854085081333,10.6112496544931
3.15999999999998,458.52368706183,457.384926759993,458.573050891394,3.79371443003507,4.02663479940188,4.03504149674255,9.99156375349809,9.83702206626838,9.68400054289945
3.16999999999998,458.733984732574,458.512291079438,459.129347888799,3.7950865141334,4.6633302084275,4.63688991904868,9.99153555972462,10.0211902854971,9.48689467980398
3.17999999999998,458.943758241067,463.132758851867,459.385017634542,3.79645506943778,3.8892461321528,1.59502728780682,9.9915073664818,10.3123628693455,9.57519953942112
3.18999999999998,459.153009762954,456.616491996868,458.836435893399,3.79782011102588,4.23611154922121,4.53014286044281,9.99147917376818,10.2039335294112,9.79793660643496
3.19999999999998,459.361741461219,459.285334361108,458.159785190742,3.79918165388518,2.90239646674448,6.23701293896379,9.99145098158232,9.63213844909039,10.0619861547137
3.20999999999998,459.569955486281,457.119479705727,457.497434184539,3.80053971291363,4.67094824276219,2.09600147773089,9.99142278992277,9.28966283506865,10.1415788529249
3.21999999999998,459.777653976086,460.19082602605,458.692326427825,3.8018943029204,3.89682557537255,3.34955460712359,9.99139459878811,9.75935658287188,9.54865733489451
3.22999999999998,459.984839056202,464.02667569216,459.809144785855,3.80324543862648,2.79335567187422,3.00637686077537,9.99136640817691,10.1579967472723,9.55830727112456
3.23999999999997,460.191512839909,461.546997010136,456.414088153536,3.80459313466546,4.34035998157876,5.06408135359796,9.99133821808774,10.1937111298371,9.79572134484405
3.24999999999997,460.397677428295,464.252494618389,460.28979034681,3.80593740558411,2.92242430323924,2.40147935447762,9.9913100285192,9.5337171637937,9.80993882032054
3.25999999999997,460.603334910342,461.602774620889,458.058174949552,3.80727826584309,4.89013124400994,2.34835065884344,9.99128183946987,10.1392202595671,10.0198855553148
3.26999999999997,460.808487363018,458.65220810989,455.586121947063,3.80861572981763,4.95421864417847,2.44400368644952,9.99125365093836,9.78206737467189,9.40054432845067
3.27999999999997,461.013136851366,460.510783257178,454.984296934471,3.80994981179812,3.41158593084909,4.48458313717867,9.99122546292327,10.0272733977838,10.0697116715272
3.28999999999997,461.217285428593,463.416596019216,456.626228811195,3.81128052599082,3.10656219172825,2.44860386427816,9.9911972754232,9.92580782772486,9.9972860878293
3.29999999999997,461.420935136156,461.824283846507,456.069904213443,3.81260788651845,4.1875504688358,0.761280654429198,9.99116908843678,10.0587518516896,9.77813500177433
3.30999999999997,461.624088003848,465.147022284578,458.17230922572,3.81393190742085,4.13138499999,2.0879521257973,9.99114090196263,9.87645834736534,9.87541665307519
3.31999999999997,461.826746049888,461.364573988024,457.235824767601,3.81525260265563,2.78248927290915,0.913531462643864,9.99111271599936,10.0873729417142,9.71349566752868
3.32999999999997,462.028911280999,461.571959663725,459.74500234199,3.81656998609871,5.07188520917049,3.75903742236326,9.99108453054563,10.1169855000067,10.0373291890533
3.33999999999997,462.230585692501,463.462846486532,458.01625031889,3.81788407154504,1.99095302164062,5.27406563096774,9.99105634560006,9.7999515101046,10.6054262029071
3.34999999999997,462.431771268385,461.986373301815,455.94014331219,3.81919487270913,4.19754535011692,2.41818382617894,9.99102816116131,10.2554199913628,9.87375102088085
3.35999999999997,462.632469981406,462.414685832239,462.9731226449,3.8205024032257,3.64713352026924,4.20743699508824,9.99099997722802,9.92878559017093,9.54291110514064
3.36999999999997,462.832683793156,461.411825622373,454.168077947412,3.82180667665025,4.6675474240352,3.00645638092954,9.99097179379885,9.91804833422206,9.43846828225673
3.37999999999997,463.03241465415,461.328350668135,458.276184836379,3.82310770645967,4.64531055130806,3.2480691214067,9.99094361087247,10.3989645933193,10.2885171545103
3.38999999999997,463.231664503906,464.61707845423,457.941385655204,3.82440550605283,5.58265047977222,2.4452230573795,9.99091542844753,9.97466706358473,10.2804906180987
3.39999999999997,463.430435271024,461.783648925511,461.323617531437,3.82570008875114,5.14815429759784,2.80786488529744,9.99088724652272,10.5842692830925,9.60054947153726
3.40999999999997,463.628728873268,463.117496188747,456.908828404236,3.82699146779916,3.12521593339092,2.13969112672095,9.99085906509672,9.68486421047779,9.79973124547933
3.41999999999997,463.826547217639,466.191767772681,461.634857032902,3.82827965636512,3.40302510473172,0.27145297846726,9.99083088416821,9.95654703831052,9.74954505972189
3.42999999999997,464.023892200457,464.919704966074,460.171267272193,3.82956466754155,4.6044944913419,1.95637785745066,9.99080270373587,10.1081300825888,9.61779882188733
3.43999999999997,464.220765707438,464.543069239395,457.353917508918,3.8308465143458,3.21923922333144,3.04685383246757,9.99077452379841,10.1703855625508,10.344076759929
3.44999999999997,464.417169613768,466.493796875162,460.309363417159,3.83212520972059,3.91045207910865,2.35946264404369,9.99074634435453,10.5298201229961,9.59294828483999
3.45999999999997,464.61310578418,463.152608823032,459.49513748318,3.8334007665346,2.24362527555003,3.01116956575669,9.99071816540294,10.3370757114294,9.85105643290679
3.46999999999997,464.80857607303,465.813939480212,459.713643537892,3.83467319758295,4.48716415482848,2.45072139683644,9.99068998694234,10.1290119709692,9.93336608809161
3.47999999999997,465.00358232437,467.058970915089,457.968787931377,3.83594251558782,4.4316342830798,2.3383173192511,9.99066180897146,9.41450583281699,9.65167920157553
3.48999999999997,465.198126372023,464.098740652472,457.759327390875,3.83720873319894,2.5581881249771,2.55405958581027,9.99063363148901,10.0360528698242,10.1276659417296
3.49999999999997,465.392210039652,463.88350108449,460.394581598009,3.8384718629941,4.39977633826896,1.4215384620146,9.99060545449373,10.5772309528411,9.8640583484344
3.50999999999997,465.585835140839,465.078995526436,457.589274310038,3.83973191747973,3.67505392554488,3.55347425480591,9.99057727798434,10.0194676394357,9.93507877991097
3.51999999999997,465.779003479153,465.650351837464,459.635562682972,3.84098890909138,2.68225186582172,3.29307531129753,9.9905491019596,9.25064724629147,9.66232745790145
3.52999999999997,465.97171684822,467.439686392219,455.005280911972,3.84224285019425,4.09162545201822,3.46763626839983,9.99052092641824,9.52845274739195,9.86034434142989
3.53999999999997,466.163977031798,467.850577643936,460.17427995257,3.84349375308372,4.26221573064045,0.326658867444318,9.990492751359,10.0565250709721,9.58239111563611
3.54999999999997,466.35578580384,464.462723893204,464.571247648488,3.84474162998582,3.89523056804277,2.42197054139317,9.99046457678066,10.0996622367491,10.0477197244491
3.55999999999997,466.547144928571,468.279789171361,461.32480965943,3.84598649305775,4.40795779402081,0.526996420005439,9.99043640268195,10.0090299841754,9.29795296702963
3.56999999999997,466.738056160552,467.149714269504,460.209345017519,3.8472283543884,3.77870385819632,1.33192101077171,9.99040822906166,9.86089358626547,9.40855478753502
3.57999999999997,466.928521244749,467.483956045688,455.783678737336,3.84846722599881,4.25466807717544,1.25396459079522,9.99038005591854,10.0631575983987,10.0264033436414
3.58999999999997,467.118541916601,469.864847509654,456.382062266291,3.84970311984268,3.37462544305948,2.08258391218742,9.99035188325138,9.53009975789019,9.46866981899075
3.59999999999997,467.308119902087,466.570246166964,457.026269865648,3.85093604780685,3.61876669452371,2.73567100943036,9.99032371105895,9.99732753498806,10.1781273405177
3.60999999999997,467.497256917793,465.437976582916,457.173744169798,3.85216602171177,3.28696244478615,1.74063542063899,9.99029553934004,9.90494544944728,10.1032004596394
3.61999999999997,467.685954670975,467.075679938179,455.12953896806,3.85339305331199,4.30426513653839,0.598811834946342,9.99026736809343,9.55600384858848,10.6298237796473
3.62999999999997,467.874214859629,467.857327919537,459.622366675883,3.85461715429664,4.32089260348402,2.42573201522615,9.99023919731793,10.0806033416183,9.49640794585363
3.63999999999997,468.062039172551,470.861313903424,460.873401938814,3.85583833628988,4.60296216564222,1.57085162569372,9.99021102701233,10.5691402520708,9.84221381314511
3.64999999999997,468.249429289403,468.369844253163,457.72954658873,3.85705661085137,4.98886067919005,1.60432689144372,9.99018285717542,9.78954633969879,10.1471402613207
3.65999999999997,468.436386880779,468.310040069331,459.203664218617,3.85827198947673,4.6659990031353,1.14768558082313,9.99015468780604,10.0164273374503,9.3410908396325
3.66999999999997,468.622913608263,467.555178971042,460.333701977102,3.85948448359799,6.71130288818723,0.56022159373185,9.99012651890298,10.5627397624807,9.47249938821407
3.67999999999997,468.809011124495,466.92134897461,455.442910220154,3.86069410458408,3.87994453121071,1.30037249790454,9.99009835046506,9.67680170396586,10.1918626259114
3.68999999999997,468.994681073235,472.804582044222,462.358140690479,3.86190086374122,3.26242622905688,-0.832279151278941,9.99007018249111,10.6865527074947,9.99823236294292
3.69999999999997,469.179925089419,470.794292657263,458.970569330479,3.86310477231339,3.02401102080659,-0.616505346221125,9.99004201497996,10.07991675342,9.63027505938339
3.70999999999996,469.364744799223,469.165857082432,459.139370915994,3.86430584148279,3.13119280963592,1.50522069960117,9.99001384793045,10.7487243270194,9.48342381333583
3.71999999999996,469.549141820124,467.615425804257,455.580209518832,3.86550408237026,2.68609934573585,0.224036445633645,9.98998568134139,10.018472445978,9.5907034586385
3.72999999999996,469.733117760958,469.615295053513,460.471085776653,3.86669950603568,3.23430250572846,1.50819101208682,9.98995751521165,9.9802702848705,9.2891566738338
3.73999999999996,469.916674221981,471.530154883231,459.306646218939,3.86789212347847,3.26123085813016,1.66907920837557,9.98992934954006,9.79477866122928,9.54377699899846
3.74999999999996,470.099812794929,469.97634007647,456.667335548499,3.86908194563796,4.6251210990331,0.0168930162403442,9.98990118432548,9.98670956524855,9.80266607775524
3.75999999999996,470.28253506307,468.526320254345,456.494169366358,3.87026898339383,3.26620834860279,2.21676015859775,9.98987301956677,9.79739590896277,9.59763107380107
3.76999999999996,470.464842601274,467.886526040693,459.746103264547,3.87145324756651,4.21048310870566,0.658783759839265,9.98984485526277,9.98261870567906,9.86477808295989
3.77999999999996,470.646736976056,471.309255525672,457.022137457424,3.87263474891764,4.65648260748365,-0.473944038214437,9.98981669141236,10.253603322973,9.75364689511366
3.78999999999996,470.828219745644,470.411529487927,456.24387800674,3.87381349815043,3.11383163299532,2.18826357368589,9.98978852801441,9.38027865762528,10.1304197686113
3.79999999999996,471.009292460031,469.313295785795,459.566597531346,3.87498950591009,4.03870234728997,2.05959818697569,9.9897603650678,9.63945389369328,9.7211673556263
3.80999999999996,471.189956661031,466.836260488919,458.857492685535,3.87616278278425,3.41590801043451,1.74112164470678,9.98973220257139,10.1724736186436,9.64724765938015
3.81999999999996,471.370213882336,471.742859770542,458.605783590713,3.87733333930333,2.29275676423773,1.92791317016552,9.98970404052407,10.0553704410844,9.35746100754062
3.82999999999996,471.550065649569,475.489115239328,456.501670191061,3.87850118594094,5.34721739035937,0.0300566434883787,9.98967587892473,10.0382466190546,9.17721147394369
3.83999999999996,471.729513480341,469.594520203657,458.784951395742,3.87966633311431,3.21963887171112,1.56778352111393,9.98964771777227,10.5002992679644,10.2479308392021
3.84999999999996,471.908558884304,472.921321417052,458.254126766107,3.88082879118465,1.98731589532898,0.250356055809799,9.98961955706557,10.2901980934332,9.68825026643294
3.85999999999996,472.087203363204,475.216886670889,457.220914281061,3.88198857045751,2.93870197419201,-1.87638516343655,9.98959139680354,10.1643749972079,10.275735373228
3.86999999999996,472.265448410935,472.132083423912,459.915280818538,3.88314568118324,3.32888588115283,0.0855272036926755,9.98956323698508,9.80558002041046,9.69212103068173
3.87999999999996,472.443295513594,471.062307987838,457.504624784993,3.8843001335573,5.15849518063123,0.401603297843117,9.9895350776091,9.55685629559168,10.1628584692038
3.88999999999996,472.620746149527,472.405453387546,463.797443294053,3.88545193772066,3.03269137685351,-0.261035206292165,9.98950691867451,10.109288520212,9.73176890550297
3.89999999999996,472.797801789389,471.151895883517,459.420494517052,3.88660110376021,4.66620869827721,0.965379678095245,9.98947876018023,9.46416830007396,9.89182104160223
3.90999999999996,472.974463896192,472.664866234899,462.349691643202,3.88774764170906,3.64649505387716,1.02928163382282,9.98945060212518,9.7952315797344,9.58074846199827
3.91999999999996,473.150733925353,473.044841297066,458.035189542591,3.88889156154697,2.96311708785345,-0.663626471822141,9.98942244450829,10.3062517007178,9.95291573735546
3.92999999999996,473.32661332475,472.833868143803,457.97961879666,3.89003287320069,5.09970075971569,0.204672442063938,9.98939428732849,9.9003876356536,9.25024653415869
3.93999999999996,473.502103534768,469.268006766634,462.161185331623,3.89117158654432,3.48592784381672,1.65502577387579,9.9893661305847,9.59273188082159,9.37199280963909
3.94999999999996,473.677205988354,472.112215240635,461.562748941725,3.89230771139966,2.77330140260772,0.102320542217105,9.98933797427588,10.0137595804371,9.80711041200543
3.95999999999996,473.851922111061,475.942865497996,458.718676322421,3.89344125753661,3.90611901624538,-0.018177607921817,9.98930981840095,10.003729737308,9.51513560113514
3.96999999999996,474.026253321098,471.49727357035,461.329496321118,3.89457223467347,3.45438409813861,1.00200476071563,9.98928166295888,10.2048075240783,9.36569655668134
3.97999999999996,474.200201029384,474.757237789752,455.633170017291,3.89570065247731,4.66226097420296,1.29566232688095,9.9892535079486,9.90385565711914,9.87340499358572
3.98999999999996,474.373766639589,475.657797438914,459.450832987179,3.89682652056432,2.86485079545254,-0.0650852411945722,9.98922535336907,9.64607877292459,9.75319615635579
3.99999999999996,474.546951548187,473.102595085998,460.752007357098,3.89794984850015,3.86485879893312,-0.0550418479059798,9.98919719921925,10.3514175059396,9.4190845506609
4.00999999999996,474.7197571445,474.569758839399,459.4177449344,3.89907064580028,2.80611915731179,1.03827955835495,9.9891690454981,9.27969437910896,9.9433675845426
4.01999999999996,474.892184810749,478.736148994736,458.929636514063,3.9001889219303,5.57133237265857,-0.508043759019734,9.98914089220459,10.1378442541643,9.7583154332412
4.02999999999996,475.064235922098,477.033950671396,456.605941955504,3.90130468630629,4.82732238768405,-1.94839310874629,9.98911273933769,9.99805003298936,9.69077582939553
4.03999999999996,475.2359118467,475.626747442165,458.630918253192,3.90241794829515,5.84399771430014,-0.337202745206721,9.98908458689637,9.58981391679228,9.81756078881456
4.04999999999996,475.407213945745,476.678613706119,462.40149040981,3.90352871721489,4.88608891352422,0.0234859138098495,9.98905643487961,10.1104694682924,9.84557085538901
4.05999999999996,475.578143573503,476.918400223354,460.111290432891,3.90463700233504,3.38590468809508,0.689185824188375,9.98902828328639,10.0505922409669,9.84249492363659
4.06999999999996,475.748702077372,475.074666537424,459.562975129042,3.90574281287688,3.98024984714768,-0.00265253467734894,9.9890001321157,9.87497325334325,9.7623382660115
4.07999999999996,475.918890797923,473.747333196082,458.311680212405,3.90684615801382,4.19238541094953,1.35926758579353,9.98897198136652,10.012189336726,9.29679079937659
4.08999999999996,476.088711068941,475.512804076654,460.917530828959,3.90794704687172,4.84409815161646,0.821597105072454,9.98894383103786,9.83315511509731,9.98464739987886
4.09999999999996,476.258164217472,475.639966295829,462.993963123813,3.90904548852916,3.98459488107436,0.0738966488700701,9.9889156811287,10.3434326895586,9.23619454760811
4.10999999999996,476.427251563868,473.614618616186,460.165077845626,3.91014149201782,5.5702460526864,-0.789937765209947,9.98888753163805,9.70469122058874,9.93168118968754
4.11999999999996,476.595974421825,475.44768357689,462.861118611405,3.91123506632274,4.56512387359933,-0.385696226221598,9.98885938256491,9.5786100014299,9.39681991144961
4.12999999999996,476.764334098434,477.739646398125,457.299115842426,3.91232622038265,4.38021483193331,-0.319685586702456,9.98883123390829,10.1878515485955,9.38723959604776
4.13999999999996,476.932331894218,477.42371078204,458.010175292468,3.91341496309028,4.48540863943205,-1.15063597934639,9.98880308566721,9.74203481015606,9.58275630608424
4.14999999999996,477.099969103175,476.62303046237,462.347871657002,3.91450130329266,4.93409546225348,-0.649817307776889,9.98877493784067,9.51394256024279,9.69466390242774
4.15999999999996,477.267247012823,472.473972105632,460.671910628145,3.9155852497914,3.59921419738122,-2.07157411787711,9.9887467904277,9.8902758270077,9.56404522881891
4.16999999999996,477.434166904238,478.532847685733,459.446415311049,3.91666681134305,3.91075216017858,-1.71791131923457,9.98871864342733,10.1083636399068,9.49485848968256
4.17999999999996,477.6007300521,481.093305679459,460.00763343616,3.91774599665932,2.47368493944512,-0.623410841573484,9.98869049683857,10.1034333192797,9.18880962861584
4.18999999999996,477.766937724729,476.160406681759,458.750987566567,3.91882281440742,3.2915228395138,0.302689026620205,9.98866235066046,9.3472889509827,9.6417674128414
4.19999999999995,477.932791184131,476.418723963355,458.343308364002,3.91989727321036,5.93591163897843,-2.44918133418956,9.98863420489204,9.87187910216054,9.65701175540222
4.20999999999995,478.098291686035,479.228538120507,461.319604536805,3.9209693816472,4.55824536315851,-0.128264384845386,9.98860605953233,10.2392933750268,9.77773937602038
4.21999999999995,478.263440479931,473.976182724429,464.45436053478,3.92203914825339,5.34773108300705,-0.906559173748961,9.98857791458039,9.99660525882085,9.6169683578686
4.22999999999995,478.428238809118,480.153309142613,461.008498068839,3.92310658152101,4.06467970729571,-1.03289535694595,9.98854977003525,9.85883791846908,9.55376612533311
4.23999999999995,478.592687910735,482.590789071853,467.291500950097,3.92417168989905,3.87248573316855,-0.211309985779058,9.98852162589597,10.0149103893473,9.54175573403034
4.24999999999995,478.756789015805,475.350327514856,460.946550409983,3.92523448179375,3.74970144822332,0.721089175164232,9.98849348216159,9.32091773996089,9.55710213453909
4.25999999999995,478.920543349271,476.581876813545,457.534664918326,3.92629496556882,3.33763458792977,0.512758279322247,9.98846533883117,10.1256723499369,9.67224617615749
4.26999999999995,479.083952130039,478.639382604689,459.695146430385,3.92735314954572,2.71533400420473,0.777387074129089,9.98843719590378,9.37648637803358,9.2919822831797
4.27999999999995,479.247016571011,474.991871396535,462.546212339366,3.92840904200397,3.74365959538639,-1.21560341816911,9.98840905337846,9.82742276742062,9.98962035178659
4.28999999999995,479.409737879127,478.766240960358,461.405223298518,3.9294626511814,5.71498085297844,-2.33024986989529,9.98838091125429,10.4433905930627,9.57221500720806
4.29999999999995,479.572117255401,479.735928770634,461.257047705268,3.93051398527441,2.97732083607702,-0.897708379471582,9.98835276953034,10.0607010465492,9.49111319555865
4.30999999999995,479.734155894957,481.134769042889,460.870140641073,3.93156305243825,4.09620629795304,-1.61775489135895,9.98832462820568,9.88016773557394,9.51131094114132
4.31999999999995,479.895854987072,481.139480106187,462.257872618524,3.93260986078729,4.41383227272118,0.143320297528422,9.98829648727938,9.75138916601427,9.65036187074097
4.32999999999995,480.057215715204,480.315168487729,462.595097923236,3.93365441839528,2.10984598514611,-1.04634943234587,9.98826834675052,10.0577435199132,9.52492174857358
4.33999999999995,480.218239257036,481.985521625585,459.079549309176,3.9346967332956,3.7904005808359,-1.83136555405864,9.9882402066182,9.88456266584774,9.25453608889441
4.34999999999995,480.378926784509,479.426349491906,464.145053294012,3.93573681348153,3.29501311617184,-0.423943623684519,9.98821206688148,9.83897894810146,9.62509513519226
4.35999999999995,480.53927946386,480.836024301326,459.173818719274,3.9367746669065,4.54565733734599,-0.345261372932448,9.98818392753947,9.61609347806324,8.90369264072059
4.36999999999995,480.699298455653,482.336191811107,460.126991759361,3.93781030148436,3.78886425034422,0.203598901681169,9.98815578859124,9.87430248429767,9.56506961921681
4.37999999999995,480.858984914822,482.274046387561,462.261081245396,3.93884372508963,4.20555668315691,-2.12282610281144,9.98812765003591,10.4239078093308,9.67102171474717
4.38999999999995,481.018339990698,478.969572084532,460.566748037853,3.93987494555773,3.31097853445375,-4.25224558064093,9.98809951187257,10.177567987272,9.51949173472372
4.39999999999995,481.177364827052,479.136395403816,458.486067194426,3.94090397068524,4.61120367242821,-0.538475654240574,9.98807137410032,9.96582060425924,9.39067720759854
4.40999999999995,481.336060562121,479.073985893529,459.145097784766,3.94193080823017,3.19635698268607,-3.26646175299755,9.98804323671826,9.48247820557351,9.50886692424585
4.41999999999995,481.494428328652,485.935760796806,465.936723693321,3.94295546591218,2.31654901591435,-0.882318453588885,9.98801509972551,11.1206077953856,9.61306324887352
4.42999999999995,481.652469253927,482.446673792881,461.167155279189,3.94397795141282,4.3904031977418,-0.650886639972007,9.98798696312118,10.2711673498121,9.62521601611476
4.43999999999995,481.810184459804,482.931484343668,463.780533967316,3.94499827237579,4.62053470708966,-0.571536605671372,9.98795882690437,9.75660926153441,9.42847253734016
4.44999999999995,481.967575062745,484.322000659179,457.082301765221,3.94601643640718,2.78883850813445,-1.08636155909019,9.98793069107422,10.1170161296336,9.05971106854024
4.45999999999995,482.124642173853,482.997773203575,463.593091912196,3.94703245107569,4.5683026989494,-2.39410284803805,9.98790255562984,9.85389939097247,9.41126687830869
4.46999999999995,482.281386898907,479.483245711158,461.065480211944,3.94804632391287,2.6112498278645,-1.52681239707448,9.98787442057036,10.0106782035526,9.287953330498
4.47999999999995,482.437810338387,483.836960057378,458.930623997592,3.94905806241338,3.77599747756811,0.968381878037533,9.98784628589489,9.67736888535722,9.90213383381952
4.48999999999995,482.593913587515,484.409822221579,462.415429736292,3.95006767403518,4.6427048121121,-1.10667365825206,9.98781815160259,10.2957495747205,9.43442723728404
4.49999999999995,482.749697736282,483.100153831153,465.544110605117,3.9510751661998,4.59391062735866,-1.61162081001928,9.98779001769257,10.188624663307,9.31905330856364
4.50999999999995,482.905163869485,484.596518416178,465.218513085299,3.95208054629254,3.4026495196746,-1.04978400399196,9.98776188416398,10.1309499586586,9.57377703091601
4.51999999999995,483.060313066751,485.065602485416,460.063350672631,3.95308382166272,2.27739232986048,-1.18675458965767,9.98773375101595,9.76437624733259,10.4286056105715
4.52999999999995,483.215146402579,485.67543285097,459.853533034689,3.95408499962388,5.85520733540807,-1.52943469520639,9.98770561824763,9.66863970893565,9.21811548925609
4.53999999999995,483.369664946363,484.896908397567,462.530427387809,3.95508408745404,3.20644225432407,-3.05701946448018,9.98767748585817,9.73348943484506,9.07733738285114
4.54999999999995,483.523869762427,486.765491335348,459.127524999724,3.95608109239588,3.38656389036087,-0.960525503083344,9.9876493538467,10.3035843552645,9.05999036920612
4.55999999999995,483.677761910053,484.77741968847,462.538236212138,3.95707602165699,3.49560817216622,-0.304406430424294,9.9876212222124,10.3025059199694,10.1802790600437
4.56999999999995,483.831342443518,486.791788572026,461.529169729828,3.95806888241008,2.19754745425357,-0.917204208800523,9.9875930909544,10.2638720175518,9.13708913813269
4.57999999999995,483.984612412116,480.536857692964,465.762104235532,3.95905968179319,2.83543741670115,-1.41267093536431,9.98756496007188,9.76619549678775,9.55314952428695
4.58999999999995,484.137572860195,485.739872695385,465.305539492456,3.96004842690991,3.44714213830512,-0.197842378589169,9.98753682956398,10.7160434468696,9.02950198651394
4.59999999999995,484.290224827185,483.508750875061,463.823003935772,3.9610351248296,4.30832388281224,-2.34187007395036,9.98750869942988,10.1150368715642,9.58850874740322
4.60999999999995,484.442569347625,484.654966538377,467.224311093342,3.9620197825876,5.15440289159832,-4.04635885223515,9.98748056966873,9.95855235525178,9.30597773562028
4.61999999999995,484.594607451198,485.536883948817,463.311230296213,3.96300240718543,2.35700200321116,-2.96846535131452,9.98745244027972,10.3903686572787,9.74024882064851
4.62999999999995,484.746340162753,487.679221668803,465.646595149185,3.96398300559101,3.70853484290645,-1.4750360606525,9.98742431126201,9.73535699351708,9.50623331097394
4.63999999999995,484.897768502344,484.826395073407,464.347806591919,3.96496158473886,2.48242499109187,-1.18045002337355,9.98739618261478,9.56554897096395,9.35623787165224
4.64999999999995,485.048893485248,485.983595812578,467.504137480188,3.96593815153032,4.67439010527098,-1.86594116413631,9.9873680543372,10.1770785431526,9.56687235683098
4.65999999999995,485.199716122003,483.867620791789,466.790233559012,3.96691271283372,4.2411019448068,-1.12754900546548,9.98733992642847,10.5165770603785,9.623010094277
4.66999999999994,485.350237418431,482.034636500333,469.145633840153,3.96788527548463,6.24640159389883,0.854961663270402,9.98731179888775,9.99262438477153,9.53788429531505
4.67999999999994,485.500458375667,486.487565801975,464.105684108869,3.96885584628603,5.08847072394538,0.714913961484988,9.98728367171425,9.43861103906265,9.53161891258784
4.68999999999994,485.650379990191,483.64427188356,465.607185555995,3.9698244320085,5.7389683630432,-0.0150507407697589,9.98725554490714,9.42869076079605,9.57371790399017
4.69999999999994,485.800003253849,486.120751535543,463.463202146217,3.97079103939046,4.94354451969046,-1.1914926834308,9.98722741846563,9.65191032639761,9.4935301200185
4.70999999999994,485.949329153887,486.292459191555,463.072174312124,3.97175567513832,1.9627849581408,0.1773968111895,9.9871992923889,10.2001201807696,9.31591428865678
4.71999999999994,486.098358672977,486.158946108945,468.182496530888,3.97271834592671,3.78880242603442,-0.969672623937667,9.98717116667616,10.0968117966784,9.44650731316322
4.72999999999994,486.247092789239,485.026423609373,461.70104068819,3.97367905839865,3.82693780662559,-0.138517299201434,9.9871430413266,9.96082283387321,9.21841323349359
4.73999999999994,486.395532476278,485.344645731317,463.916029074604,3.97463781916577,5.35864644998236,-0.533868151044655,9.98711491633943,10.2007318093908,9.44530129550497
4.74999999999994,486.543678703201,486.359253105623,466.80721932974,3.97559463480845,4.67912213900232,0.534128429687,9.98708679171386,10.0502707145888,8.88784918365598
4.75999999999994,486.691532434649,490.748411952985,465.958650437263,3.97654951187607,4.00463231031008,-0.538647388888609,9.98705866744909,9.70508133696216,9.42069104404039
4.76999999999994,486.839094630824,489.685858827352,472.185350537073,3.97750245688717,4.535785899141,-0.948955006174109,9.98703054354434,10.0334923963536,9.76025103326137
4.77999999999994,486.986366247512,481.848101617918,467.94626702699,3.97845347632962,2.66076653500155,-0.304522645359348,9.98700241999882,10.5729819546602,9.50233172843728
4.78999999999994,487.133348236111,487.463794487324,467.242805351834,3.97940257666084,3.25376178217938,0.102018149244275,9.98697429681175,9.27883179893166,9.91294656593359
4.79999999999994,487.280041543658,486.554020757031,467.115101331947,3.98034976430795,4.41920433698335,-0.453684067233307,9.98694617398234,9.98379794350785,9.69281061417342
4.80999999999994,487.426447112851,486.078146662123,467.178399039892,3.98129504566798,3.90789079883309,-1.48147062965741,9.98691805150983,9.87235353057126,9.22589746916874
4.81999999999994,487.572565882081,487.75725664686,468.379755194699,3.98223842710803,4.46122494733566,0.588396365892337,9.98688992939344,10.2045755707468,9.53499970568099
4.82999999999994,487.718398785449,487.958014317446,465.655232343551,3.98317991496546,5.21487138864688,-2.13996287787688,9.98686180763238,10.5326511957565,9.5059143955644
4.83999999999994,487.863946752799,489.275172597022,467.44893367248,3.98411951554809,3.74378565912628,-1.58297805208451,9.9868336862259,9.45539689454665,9.63126610292911
4.84999999999994,488.009210709737,489.054823966374,467.073172150096,3.98505723513433,4.45569829041088,-1.02632090540131,9.98680556517323,9.80173355173893,9.38859895692054
4.85999999999994,488.154191577661,490.019518485368,466.463375587322,3.98599307997338,3.72413678896337,-1.22560263781607,9.9867774444736,10.2724599524617,9.13010319967121
4.86999999999994,488.29889027378,488.681770463011,466.504008150854,3.98692705628543,5.00328477608627,-2.45086872784668,9.98674932412625,10.0939218400444,9.28758433124369
4.87999999999994,488.443307711144,490.109998293248,468.516299754073,3.98785917026178,3.82135745519976,-1.62788777615838,9.98672120413043,9.8446269674178,9.77306693163544
4.88999999999994,488.587444798665,487.644896858968,469.843197642953,3.98878942806506,3.14776080298109,-2.40140558914848,9.98669308448536,10.0612910347481,9.63858017861981
4.89999999999994,488.731302441142,490.318214210873,471.636384094402,3.98971783582938,3.3888556409923,-1.78315407943288,9.98666496519031,9.67559275342474,9.83329915740254
4.90999999999994,488.874881539283,491.755232067214,467.789617544343,3.99064439966049,1.91713640466599,-0.564978891737019,9.98663684624452,10.2403121961778,9.43628571305147
4.91999999999994,489.018182989734,489.988057235214,469.911870600806,3.99156912563597,3.53924476342991,-2.01882300774532,9.98660872764723,9.5745145326194,9.58710273829164
4.92999999999994,489.161207685098,491.696186227282,470.603609399368,3.99249201980538,3.74035187669409,-0.637401412816527,9.98658060939771,9.83096334866013,8.85369633679511
4.93999999999994,489.303956513956,488.170528029959,473.945525986789,3.99341308819045,3.65104145792103,-1.74780900454494,9.98655249149521,9.76444389852935,10.0840539874255
4.94999999999994,489.446430360901,490.407421584946,470.083257009562,3.99433233678521,4.08180497895977,-1.18316975629688,9.98652437393899,9.70469920531508,9.66287159625413
4.95999999999994,489.588630106547,486.911287735638,469.272390503134,3.99524977155617,3.73789265341806,-0.632737185651602,9.9864962567283,9.56642026148096,9.58875426009145
4.96999999999994,489.730556627564,489.388503610637,467.900148576204,3.99616539844249,2.17539927311243,-2.95733434761696,9.98646813986242,9.93756461614741,9.68234882006356
4.97999999999994,489.872210796692,488.025906352872,473.380003573338,3.99707922335613,4.00791940858125,-1.67748658826695,9.9864400233406,10.0661966924203,9.64117347004417
4.98999999999994,490.013593482771,486.292288889187,470.608148733921,3.99799125218203,2.81698037386182,-2.24669896178738,9.98641190716211,10.2868109510899,9.29508145825406
4.99999999999994,490.154705550757,491.027775919294,467.672222889201,3.99890149077823,4.63118923019875,-0.974006708259135,9.98638379132624,9.85099413798239,8.92521864235721
5.00999999999994,490.295547861749,490.866257953187,473.674178168774,3.99980994497607,4.83607222896472,0.152042216696404,9.98635567583224,9.89761082249572,9.63802764972582
5.01999999999994,490.436121273007,488.937954539263,469.62367470843,4.00071662058031,3.41122374070099,-0.92244526773469,9.9863275606794,10.1098237632648,9.63560749208914
5.02999999999994,490.576426637979,492.100766567941,472.277480892919,4.00162152336933,4.73419254092678,-0.412946240518512,9.98629944586699,9.54685123941408,9.73067509361573
5.03999999999994,490.716464806319,495.815813160293,471.096796990795,4.00252465909522,5.59026867097594,-1.8522359245721,9.98627133139429,9.79473566816966,8.87220471034426
5.04999999999994,490.856236623909,489.738773924538,472.049965193301,4.00342603348401,3.02772254498796,-3.21360041931565,9.98624321726059,10.0318305963682,9.09700411790404
5.05999999999994,490.995742932881,490.589988878927,470.538661535294,4.00432565223575,4.94550713978351,0.557704698027879,9.98621510346517,9.63342213281253,9.9711218675668
5.06999999999994,491.134984571642,491.41250215651,470.192492408427,4.00522352102472,4.22234818790868,-0.00517967441369116,9.98618699000732,10.9038517344446,9.85761945974747
5.07999999999994,491.273962374888,493.18780435237,471.157012488765,4.00611964549953,4.55918409449731,-1.70925560527714,9.98615887688632,9.87026104751031,8.87009934927936
5.08999999999994,491.412677173632,490.409282405154,469.969993917113,4.00701403128331,4.23980699803491,-0.0915755075881926,9.98613076410147,10.1277026902185,9.709832304897
5.09999999999994,491.551129795218,490.04935084674,476.089266274745,4.00790668397384,4.95511305247593,0.445647966287366,9.98610265165207,9.49064089706708,9.65645962458859
5.10999999999994,491.689321063351,487.107032912568,472.372806760009,4.0087976091437,2.67352305427665,0.133593467060427,9.9860745395374,10.3572077110607,9.75014702939896
5.11999999999994,491.827251798109,491.265798839498,471.374071934583,4.00968681234039,5.44211519497547,-1.2935641053417,9.98604642775678,9.66989449515855,9.12152227943109
5.12999999999994,491.964922815967,493.134410646725,476.78972920705,4.01057429908652,4.85784900604882,-0.414824059328097,9.98601831630949,10.0708423803522,9.62795381033208
5.13999999999993,492.102334929819,489.581776666996,472.277154440691,4.01146007487994,4.95493403650258,-1.05775387736299,9.98599020519485,10.0330804362572,8.85586150548226
5.14999999999993,492.239488948994,487.631118685862,477.691096663398,4.01234414519385,2.91023819380054,-1.77702050764558,9.98596209441216,10.3860782409854,10.0913415494594
5.15999999999993,492.376385679281,487.408044075822,474.573739874766,4.01322651547697,3.53646897038822,-1.22903323827426,9.98593398396073,9.50692678121615,9.50375286532095
5.16999999999993,492.513025922946,493.319429526351,470.461905762966,4.0141071911537,4.14300193884798,-0.832486160939382,9.98590587383986,10.0514236476126,8.77940995858971
5.17999999999993,492.64941047875,493.854774716846,472.712452036406,4.01498617762422,2.44640820294897,-0.722100729986499,9.98587776404887,9.79590594213995,9.55695765931898
5.18999999999993,492.785540141975,491.560834590861,472.264560397405,4.01586348026465,4.5905167431431,0.486005809697796,9.98584965458708,9.80710266059726,9.03364671958092
5.19999999999993,492.921415704436,493.606600658737,475.80363333343,4.01673910442717,4.29669098829058,1.38708007471957,9.9858215454538,9.83672962932296,9.86437462674526
5.20999999999993,493.057037954505,492.372610521658,475.972851578696,4.01761305544018,3.5701394264964,-0.410145373028349,9.98579343664835,10.0698038170854,9.66456059892402
5.21999999999993,493.192407677131,494.654743012158,473.131624376716,4.01848533860844,2.73209210411754,-0.382680483303824,9.98576532817005,9.90512471004098,9.9628604623128
5.22999999999993,493.327525653855,493.369185128166,473.415456601369,4.01935595921317,2.14648341986255,-0.359296613999506,9.98573722001823,9.84112619148452,9.96729491759388
5.23999999999993,493.462392662831,492.92117259826,476.126160505454,4.02022492251222,2.96304245155195,0.446190026510769,9.98570911219221,9.50125106598589,9.15178714786476
5.24999999999993,493.597009478849,494.907375660157,480.552648779519,4.02109223374017,3.69179655841542,-0.666442377020025,9.98568100469132,9.8406023118004,8.84944609588513
